Bid_Price_From,Bid_Price_To,Market_Lot,Listing_at,Qualified_Institutional_Buyers,Non_Institutional_Investors,Retail_Individual_Investors,Total_Subscription,Listing_day_open,Listing_day_last_trade,Bidding_Period,Bid_Opening_Month,Bid_Closing_Month
90.0,100.0,70.0,1,0.86,4.76,1.03,1.5,105.5,90.875,2,8,9
55.0,60.0,100.0,1,1.08,3.1,1.02,1.3,57.5,136.97500000000002,4,2,2
275.0,325.0,20.0,1,12.83,11.01,3.36,9.8,342.5,317.275,3,6,6
80.0,85.0,80.0,1,0.49,5.31,2.64,1.97,89.525,95.75,3,7,7
100.0,120.0,50.0,1,0.75,3.98,0.77,1.24,122.525,119.275,3,7,7
90.0,100.0,65.0,1,39.48,8.62,2.97,21.64,106.5,100.07499999999999,3,7,7
30.0,36.0,175.0,1,29.16,56.71,3.87,23.74,40.5,36.725,5,8,8
950.0,1050.0,6.0,1,53.83,10.48,1.76,30.82,1057.5,1140.875,3,9,9
70.0,75.0,90.0,1,0.66,5.93,3.09,2.2,76.0,87.275,5,8,9
55.0,60.0,110.0,1,10.63,14.82,2.9,8.25,60.575,56.75,2,9,9
70.0,75.0,90.0,1,1.23,3.78,1.89,1.81,72.5,53.375,2,9,9
115.0,125.0,50.0,1,0.31,6.05,4.31,2.57,113.0,164.35000000000002,9,9,10
40.0,45.0,150.0,1,40.49,5.76,1.09,21.84,45.0,39.375,3,10,10
195.0,205.0,30.0,1,1.0,4.12,0.1,1.04,195.0,163.25,2,10,10
77.0,82.0,75.0,1,0.61,3.0,2.36,1.56,84.275,83.95,6,10,11
316.0,330.0,20.0,1,9.95,10.7,0.98,6.31,323.65,425.725,2,11,11
165.0,180.0,35.0,1,3.35,2.65,0.4,1.97,187.5,206.15,4,11,12
100.0,115.0,60.0,1,2.88,0.15,0.4,1.68,104.0,100.8,2,12,12
490.0,530.0,13.0,1,7.45,0.41,0.38,4.0,510.5,535.9,2,12,12
185.0,212.0,30.0,1,68.52,26.17,3.42,39.54,252.0,265.9,4,12,12
155.0,165.0,40.0,1,48.44,106.02,11.08,43.22,174.175,191.7,2,1,1
200.0,225.0,25.0,1,0.26,5.07,3.0,1.94,222.2,244.45,8,1,2
135.0,145.0,40.0,1,59.39,51.95,3.79,31.11,160.8,229.05,2,1,1
70.0,75.0,80.0,1,0.52,1.52,2.26,1.12,72.85,71.07499999999999,2,1,1
65.0,75.0,90.0,1,0.99,16.6,6.25,5.17,88.95,87.8,2,1,1
165.0,185.0,35.0,1,1.12,3.65,0.62,1.22,163.0,147.625,2,1,1
40.0,45.0,150.0,1,0.43,5.55,0.46,1.2,45.75,28.7,2,2,2
468.0,486.0,14.0,1,4.47,4.25,0.37,2.95,441.05,455.79999999999995,4,1,2
240.0,265.0,25.0,1,1.43,4.29,0.28,1.36,248.0,207.72500000000002,2,2,2
410.0,450.0,15.0,1,49.34,124.53,18.55,47.62,635.0,736.875,3,2,2
85.0,90.0,75.0,1,1.02,30.5,7.26,7.48,97.15,137.2,3,2,2
243.0,252.0,22.0,1,96.06,104.57,10.26,62.53,326.5,349.05,4,2,2
60.0,66.0,100.0,1,47.08,39.15,9.8,33.38,75.95,68.725,2,2,2
300.0,350.0,20.0,1,2.28,0.22,0.22,1.25,286.25,294.575,2,3,3
100.0,110.0,60.0,1,8.57,45.35,10.53,14.08,117.5,107.1,4,3,3
242.0,258.0,25.0,1,52.61,39.39,4.56,33.42,276.8,274.2,4,3,3
290.0,310.0,20.0,1,144.43,107.73,21.69,93.6,380.8,407.175,2,3,3
260.0,270.0,25.0,1,1.38,6.13,1.39,1.96,254.425,163.9,4,3,3
135.0,145.0,40.0,1,0.78,3.0,0.66,1.07,127.0,127.725,3,3,3
123.0,128.0,50.0,1,35.43,51.48,8.43,28.39,142.975,162.875,2,4,4
65.0,75.0,90.0,1,0.03,5.08,2.74,1.74,75.0,57.15,2,4,4
54.0,56.0,100.0,1,2.54,0.22,0.16,1.16,52.0,51.175,4,4,4
23.0,26.0,250.0,1,9.03,3.39,3.12,6.64,27.55,25.075000000000003,4,4,5
120.0,130.0,50.0,1,7.97,10.52,2.81,6.32,131.85,133.60000000000002,2,4,4
102.0,117.0,50.0,1,1.77,1.15,0.61,1.24,95.5,91.375,5,4,5
100.0,115.0,200.0,1,4.15,1.9,0.25,2.2,105.5,103.25,3,5,5
75.0,85.0,80.0,1,1.48,1.2,0.4,1.04,75.5,64.82499999999999,3,6,6
230.0,240.0,25.0,1,4.28,48.85,10.03,12.78,270.5,296.29999999999995,3,6,7
112.0,118.0,50.0,1,0.01,12.46,7.41,4.47,127.875,202.325,4,6,6
162.0,175.0,40.0,1,8.98,3.39,1.0,5.43,173.975,189.075,2,7,7
270.0,290.0,20.0,1,23.43,5.85,2.99,13.36,315.2,321.04999999999995,3,7,7
850.0,985.0,7.0,1,20.38,18.26,2.81,13.69,1038.0,1088.615,5,7,8
630.0,660.0,10.0,1,20.19,53.49,6.62,19.29,745.0,758.5,3,8,8
100.0,110.0,60.0,1,1.27,10.91,6.62,4.53,120.275,186.64999999999998,5,8,8
42.0,48.0,130.0,1,13.2,85.7,9.15,19.94,56.175,54.05,3,8,8
225.0,245.0,25.0,1,24.7,25.4,2.31,15.28,289.375,342.45000000000005,3,10,10
1230.0,1310.0,5.0,1,36.13,100.98,8.55,36.22,1577.5,1708.6750000000002,5,9,9
29.0,32.0,200.0,1,1.44,1.3,1.81,1.55,29.625,23.7,2,9,9
158.0,175.0,40.0,1,25.79,73.4,11.95,26.51,209.39999999999998,190.15,4,9,9
295.0,310.0,20.0,1,47.45,101.93,31.74,47.39,461.05,630.25,5,9,9
113.0,118.0,52.0,1,5.91,35.88,11.04,12.2,132.55,111.125,4,9,9
405.0,468.0,14.0,1,4.52,1.45,0.99,2.89,460.775,387.375,2,9,9
47.0,55.0,125.0,1,2.09,0.64,0.18,1.07,45.7,44.8,3,9,9
10.0,11.0,600.0,1,5.86,28.58,6.19,8.23,11.75,11.25,3,9,9
340.0,355.0,15.0,1,27.99,62.48,9.07,24.47,389.7,406.775,5,9,9
297.0,324.0,21.0,1,25.52,13.91,3.46,15.94,337.775,332.05,4,9,9
127.0,135.0,50.0,1,1.71,3.83,2.63,2.35,124.25,104.875,5,9,9
95.0,102.0,65.0,1,0.67,29.19,8.51,7.69,113.95,179.97500000000002,3,9,10
125.0,127.0,55.0,1,3.68,0.34,0.38,2.07,120.9,112.575,5,9,10
253.0,260.0,20.0,1,22.15,3.61,0.94,12.13,275.55,282.92499999999995,2,10,10
248.0,257.0,25.0,1,0.52,3.16,1.04,1.1,254.0,379.875,7,10,10
172.0,183.0,30.0,1,4.32,0.24,0.08,2.26,190.0,192.85000000000002,2,10,10
65.0,71.0,90.0,1,1.54,33.44,8.0,8.59,75.875,81.6,2,10,10
85.0,90.0,65.0,1,18.52,28.86,3.85,14.88,95.0,96.57499999999999,3,11,11
120.0,125.0,50.0,1,6.04,182.52,37.34,42.88,209.925,210.05,2,11,11
68.0,75.0,80.0,1,0.16,7.27,5.6,2.97,75.0,68.92500000000001,4,11,11
340.0,375.0,17.0,1,49.16,143.3,32.86,56.43,558.0,465.775,5,11,12
135.0,140.0,50.0,1,4.19,3.67,6.56,4.92,137.45,132.52499999999998,3,11,12
56.0,64.0,100.0,1,0.15,7.31,3.01,2.22,68.0,80.05,2,12,12
400.0,410.0,15.0,1,0.68,3.12,0.33,0.96,445.0,328.725,2,12,12
113.0,120.0,50.0,1,49.8,85.84,44.45,50.75,145.05,127.1,3,12,12
95.0,110.0,60.0,1,1.02,3.92,4.82,2.78,112.5,110.8,6,12,1
594.0,610.0,10.0,1,10.41,7.21,1.6,6.03,630.625,625.975,2,1,1
95.0,98.0,60.0,1,0.82,5.27,9.9,4.67,93.5,46.325,3,1,1
72.0,77.0,81.0,1,0.17,4.47,2.27,1.55,77.025,113.1,3,2,2
88.0,90.0,60.0,1,1.12,2.0,1.21,1.28,111.0,98.45,3,2,2
195.0,205.0,30.0,1,21.87,99.87,20.84,35.21,250.75,249.375,3,3,3
26.0,28.0,250.0,1,2.85,0.22,1.18,1.7,27.375,24.9,2,3,3
65.0,69.0,79.0,1,1.04,6.39,5.74,3.48,78.175,47.825,3,3,3
160.0,175.0,40.0,1,25.01,60.94,8.5,24.55,188.3,176.075,3,4,4
27.0,29.0,200.0,1,0.34,4.21,1.9,1.47,29.5,19.025,2,4,4
32.0,35.0,150.0,1,0.33,3.28,9.31,3.92,35.75,26.85,5,4,4
117.0,120.0,50.0,1,0.85,1.94,1.48,1.24,110.975,93.82499999999999,3,4,4
10.0,11.0,600.0,1,0.26,7.81,0.61,1.52,9.25,8.25,3,4,4
45.0,49.0,120.0,1,0.16,11.29,6.83,4.16,33.575,18.075,4,4,5
193.0,203.0,28.0,1,6.92,1.2,2.0,4.34,196.8,199.475,3,5,5
80.0,85.0,70.0,1,0.0,1.82,2.93,1.3,86.5,111.875,5,5,5
228.0,240.0,25.0,1,0.14,2.65,1.84,1.11,223.725,311.175,3,5,5
54.0,63.0,100.0,1,0.65,3.22,14.22,5.78,72.0,91.375,3,5,6
63.0,72.0,90.0,1,0.23,1.35,6.57,2.62,77.875,119.575,3,6,6
75.0,82.0,75.0,1,0.0,1.94,5.06,2.06,82.95,30.424999999999997,3,7,7
51.0,59.0,100.0,1,1.93,6.18,9.61,5.34,52.425,50.0,2,7,7
100.0,117.0,50.0,1,0.25,9.49,8.66,4.58,118.0,207.35,2,7,7
58.0,65.0,100.0,1,0.75,5.11,0.32,1.25,61.5,33.45,3,8,8
135.0,153.0,40.0,1,1.02,1.68,2.76,1.85,132.4,117.07499999999999,2,8,8
90.0,100.0,60.0,1,0.0,2.82,3.36,1.6,105.0,60.85,2,8,8
256.0,261.0,25.0,1,6.52,0.38,0.38,2.92,255.8,275.025,2,8,8
190.0,210.0,30.0,1,0.98,1.84,1.64,1.34,207.5,413.475,5,9,9
130.0,138.0,50.0,1,0.31,2.76,4.68,2.21,146.1,229.75,2,9,9
130.0,150.0,45.0,1,0.24,4.7,6.18,2.99,157.2,57.0,5,9,10
145.0,155.0,40.0,1,0.51,2.35,1.6,1.17,155.95,165.97500000000002,6,9,10
180.0,186.0,30.0,1,1.03,1.56,2.35,1.57,185.0,317.975,7,9,10
100.0,110.0,50.0,1,1.02,0.93,2.5,1.53,112.5,145.925,6,9,10
70.0,84.0,80.0,1,0.0,0.02,3.35,1.18,75.5,23.075,5,9,10
90.0,106.0,60.0,1,7.07,1.7,3.4,4.93,100.5,97.0,5,3,3
74.0,80.0,80.0,1,6.01,8.0,2.17,4.8,86.05,90.35,2,3,3
120.0,126.0,45.0,1,1.29,1.91,0.68,1.15,115.025,111.1,2,4,4
146.0,155.0,40.0,1,4.68,2.19,0.55,2.54,152.5,160.125,2,5,5
55.0,60.0,100.0,1,1.15,0.38,1.13,1.03,56.075,55.3,5,6,7
225.0,230.0,50.0,1,1.49,3.1,2.05,1.98,242.0,229.925,2,11,11
700.0,750.0,20.0,1,45.8,110.96,6.18,40.98,944.5,923.25,4,12,12
125.0,135.0,90.0,1,7.33,18.12,1.68,6.85,136.25,149.1,2,12,12
210.0,240.0,50.0,1,2.84,0.29,0.19,1.3,200.0,191.425,3,12,12
195.0,215.0,66.0,1,1.52,1.39,0.79,1.2,215.0,204.275,4,2,2
165.0,172.0,75.0,1,3.39,0.35,0.51,1.65,162.475,161.325,2,3,3
85.0,90.0,150.0,1,9.09,9.7,2.17,6.74,97.3,99.25,3,12,12
145.0,150.0,100.0,1,3.93,0.23,2.48,2.83,150.4,148.575,6,2,2
115.0,125.0,100.0,1,16.71,159.04,7.55,38.06,162.375,157.7,2,4,4
44.0,47.0,300.0,1,16.98,221.79,41.26,59.75,75.5,79.275,2,8,8
145.0,156.0,90.0,1,32.06,251.35,5.85,59.97,257.05,231.2,4,9,9
155.0,170.0,85.0,1,5.69,8.64,7.79,7.39,180.0,171.0,2,9,9
630.0,645.0,23.0,1,13.96,1.71,6.96,7.83,584.5,566.8499999999999,2,12,12
315.0,325.0,45.0,1,35.68,35.38,2.15,18.6,400.0,438.2,2,3,3
181.0,200.0,75.0,1,1.0,0.09,0.39,0.76,170.525,167.1,2,3,3
180.0,215.0,65.0,1,1.17,0.69,1.3,1.09,165.075,191.375,2,3,3
195.0,205.0,65.0,1,58.22,250.86,7.92,74.26,288.0,293.70000000000005,2,4,4
63.0,65.0,225.0,1,1.02,1.51,0.97,1.11,64.0,59.675,2,4,4
615.0,625.0,24.0,1,4.49,1.17,1.02,2.04,600.0,598.05,2,4,4
355.0,378.0,35.0,1,4.51,0.65,0.28,1.56,384.0,360.35,4,5,5
290.0,320.0,45.0,1,1.98,0.38,1.16,1.4,295.5,327.3,2,6,6
240.0,250.0,60.0,1,51.47,90.24,4.78,32.05,295.0,310.475,2,7,7
615.0,640.0,20.0,1,27.53,133.22,3.42,38.12,620.0,582.875,4,8,8
147.0,155.0,95.0,1,6.47,0.9,1.62,2.85,152.0,166.625,2,8,8
170.0,178.0,80.0,1,2.2,1.44,0.41,1.15,163.975,163.5,2,8,8
115.0,126.0,102.0,1,0.88,1.42,0.34,0.77,114.0,116.15,7,8,9
700.0,765.0,15.0,1,17.8,3.57,0.92,6.15,855.9,877.85,2,10,10
61.0,65.0,200.0,1,0.97,2.09,1.54,1.34,60.025,63.025,2,8,8
100.0,103.0,145.0,1,3.04,1.66,1.69,2.24,110.875,106.17500000000001,2,8,9
316.0,328.0,45.0,1,4.39,0.54,0.9,1.82,315.0,270.575,2,10,10
173.0,180.0,80.0,1,25.55,87.38,1.98,27.0,222.85,208.575,2,10,10
540.0,550.0,20.0,1,63.56,61.28,4.24,33.41,718.5,824.575,2,12,12
1020.0,1050.0,14.0,1,57.19,129.96,3.17,44.29,1380.0,1381.575,2,12,12
245.0,250.0,60.0,1,24.43,3.62,1.89,8.7,291.0,336.825,4,12,12
180.0,186.0,80.0,1,2.62,0.73,2.01,1.91,164.05,177.35,2,1,1
785.0,850.0,15.0,1,26.97,185.24,10.61,66.02,860.0,1026.975,2,2,2
311.0,321.0,45.0,1,4.34,36.69,3.82,10.8,304.975,254.14999999999998,2,2,2
205.0,218.0,65.0,1,2.36,0.43,0.83,1.56,210.0,170.975,2,3,3
40.0,45.0,300.0,1,1.01,2.02,2.08,1.21,47.3,45.474999999999994,4,3,3
360.0,432.0,34.0,1,0.86,2.23,1.31,1.11,455.5,445.725,2,3,3
109.0,110.0,135.0,1,14.93,57.29,1.4,17.21,144.55,135.225,2,4,4
420.0,446.0,33.0,1,73.18,225.3,8.73,73.55,663.5,618.45,2,4,4
207.0,210.0,70.0,1,33.84,135.45,4.02,40.68,229.45,231.575,4,4,5
215.0,227.0,65.0,1,1.15,3.08,2.12,1.83,216.6,247.4,7,5,5
380.0,421.0,35.0,1,72.84,191.61,6.82,64.54,540.0,520.0999999999999,2,6,6
310.0,317.0,45.0,1,59.02,392.21,31.23,143.99,499.5,503.05,2,6,7
705.0,710.0,20.0,1,19.91,10.76,7.39,11.69,666.8,697.625,2,7,7
880.0,896.0,16.0,1,94.03,393.1,11.67,116.02,1210.0,1178.1999999999998,2,7,7
214.0,219.0,65.0,1,9.76,79.64,2.35,20.95,240.0,251.85,2,8,8
258.0,268.0,55.0,1,2.21,5.1,1.9,2.66,290.0,291.875,2,8,8
224.0,225.0,65.0,1,85.08,198.06,5.7,69.62,273.95,299.35,4,8,8
300.0,334.0,44.0,1,11.83,28.55,1.42,10.48,329.5,297.6,2,9,9
850.0,860.0,16.0,1,5.01,1.03,1.74,2.52,910.0,867.05,3,9,9
205.0,207.0,70.0,1,17.18,217.47,11.84,54.88,250.25,245.10000000000002,2,9,9
175.0,202.0,70.0,1,5.77,22.2,3.31,8.06,190.025,189.175,4,9,9
467.0,472.0,30.0,1,53.43,127.07,2.69,43.84,571.0,647.3,2,10,10
440.0,445.0,33.0,1,4.94,0.42,0.82,1.86,430.0,460.7,2,10,10
750.0,775.0,19.0,1,37.33,86.17,1.32,29.53,861.5,890.875,2,10,10
680.0,730.0,20.0,1,14.51,3.35,0.44,5.09,860.0,1032.0,2,11,12
426.0,428.0,35.0,1,10.54,3.57,1.58,4.53,489.95,480.45,2,12,12
295.0,299.0,50.0,1,144.61,277.74,7.3,104.48,602.2,641.175,2,3,3
324.0,333.0,45.0,1,39.78,109.13,9.85,39.67,416.5,373.025,2,3,3
500.0,502.0,29.0,1,3.65,0.21,1.63,1.9,400.0,420.0,2,3,3
440.0,460.0,32.0,1,51.62,90.68,15.35,41.88,550.025,632.625,2,3,3
56.0,60.0,200.0,1,55.45,330.36,10.79,79.53,73.225,72.525,3,5,5
100.0,102.0,10000.0,1,10.81,0.0,0.0,8.57,102.625,101.795,2,5,5
205.0,210.0,70.0,1,8.38,10.39,6.47,8.58,194.5,204.225,2,5,5
98.0,100.0,10205.0,1,1.14,0.0,0.0,1.35,99.85,98.545,2,5,5
250.0,257.0,55.0,1,2.16,0.48,3.1,1.88,257.0,263.4,2,6,6
600.0,603.0,24.0,1,4.68,0.45,3.51,3.29,611.5,601.275,4,6,6
167.0,170.0,88.0,1,1.48,2.85,0.99,1.53,170.0,171.65,2,6,6
355.0,358.0,41.0,1,78.77,143.51,3.52,53.6,527.5,541.425,2,6,6
108.0,108.0,125.0,1,0.0,478.39,58.92,273.05,254.575,260.825,5,7,7
424.0,432.0,30.0,1,63.51,288.87,8.51,76.19,437.575,525.075,2,8,8
805.0,815.0,18.0,1,5.64,1.66,19.51,7.07,877.4,756.875,2,7,8
171.0,175.0,80.0,1,1.91,7.82,8.53,6.14,200.95,210.975,2,8,8
195.0,205.0,73.0,1,1.33,1.63,5.69,1.81,204.95,208.3,2,9,9
1760.0,1766.0,8.0,1,134.66,345.61,10.6,117.83,2725.0,2892.175,2,9,9
930.0,938.0,15.0,1,76.89,101.15,8.48,47.39,1260.0,1179.475,4,9,9
983.0,985.0,15.0,1,1.88,0.41,18.16,4.44,985.0,902.925,2,9,9
245.0,250.0,60.0,1,131.32,638.05,17.57,183.03,399.0,342.475,2,9,9
685.0,700.0,21.0,1,12.56,0.7,0.81,3.55,734.15,707.775,2,9,9
651.0,661.0,22.0,1,8.17,0.83,1.23,2.98,650.55,681.375,4,9,9
450.0,460.0,32.0,1,150.96,236.04,7.16,95.16,618.3,595.5999999999999,2,10,10
456.0,459.0,32.0,1,148.33,378.53,15.97,128.39,660.0,654.575,4,10,10
1645.0,1650.0,9.0,1,2.56,0.85,2.61,2.28,1500.0,1627.8000000000002,2,10,10
855.0,912.0,16.0,1,2.25,0.22,0.63,1.38,850.0,872.3499999999999,2,10,10
247.0,252.0,59.0,1,118.4,209.44,5.65,81.54,294.95,284.2,2,10,10
425.0,429.0,34.0,1,15.6,2.07,6.1,7.9,430.5,429.325,2,10,11
770.0,800.0,18.0,1,2.34,0.11,0.11,1.2,749.45,726.075,2,11,11
745.0,750.0,20.0,1,2.45,0.18,2.34,1.9,728.5,688.675,4,11,11
275.0,290.0,50.0,1,16.6,2.29,0.91,4.89,310.5,344.425,2,11,11
45.0,50.0,280.0,1,103.35,396.99,73.32,241.75,114.5,120.225,5,12,12
660.0,664.0,22.0,1,12.36,11.15,3.28,7.56,669.0,686.075,2,12,12
245.0,248.0,60.0,1,4.34,0.42,2.98,2.82,238.35,239.425,2,12,12
270.0,275.0,50.0,1,101.93,958.07,40.19,248.51,471.5,447.925,2,1,1
240.0,245.0,61.0,1,15.62,5.52,5.18,8.25,253.55,252.7,2,1,1
855.0,859.0,17.0,1,174.99,519.26,11.57,165.38,1177.5,1241.25,2,1,1
1470.0,1480.0,10.0,1,54.27,6.96,5.92,19.96,1522.5,1699.275,2,1,1
180.0,190.0,78.0,1,2.1,0.55,1.18,1.31,182.55,180.7,3,2,2
263.0,270.0,55.0,1,8.37,4.97,3.08,4.98,270.0,268.9,2,2,2
370.0,375.0,40.0,1,38.68,13.89,1.06,14.56,492.0,477.025,4,3,3
413.0,428.0,35.0,1,1.5,0.5,1.37,1.29,365.0,390.25,2,3,3
1215.0,1240.0,12.0,1,1.73,0.03,0.39,0.99,1160.5,1130.6,4,3,3
175.0,180.0,80.0,1,1.55,3.44,2.01,2.53,136.0,142.8,5,3,3
327.0,332.0,45.0,1,14.5,6.39,1.31,6.14,345.55,322.35,2,3,3
87.0,90.0,150.0,1,1.96,0.13,0.72,1.21,87.0,90.025,2,3,3
519.0,520.0,28.0,1,1.04,0.36,0.89,0.78,433.05,445.07500000000005,4,3,3
54.0,56.0,265.0,1,3.88,0.12,0.12,1.19,61.6,71.625,2,3,3
570.0,572.0,26.0,1,16.08,6.91,1.17,6.65,600.0,585.8,2,5,5
180.0,185.0,80.0,1,71.71,194.56,14.24,66.74,190.0,213.0,2,6,6
780.0,783.0,19.0,1,12.85,21.0,1.19,8.77,815.0,822.8,2,6,6
965.0,967.0,15.0,1,9.15,2.45,0.84,3.54,1023.5,1038.9499999999998,2,6,6
1095.0,1100.0,13.0,1,4435511.0,3326634.0,6.57,18804290.0,1732.625,1815.5500000000002,2,7,7
418.0,422.0,35.0,1,5.52,0.98,0.87,2.22,387.5,421.425,2,8,8
714.0,716.0,20.0,1,13.47,5.08,0.57,5.22,715.5,658.4749999999999,2,7,7
275.0,280.0,53.0,1,4.66,1.1,0.03,1.57,291.0,291.04999999999995,2,1,1
114.0,118.0,120.0,1,1.81,0.31,0.24,1.02,103.25,104.19999999999999,7,9,10
470.0,475.0,30.0,1,12.29,4.92,9.66,9.77,411.15,415.975,2,9,9
818.0,821.0,18.0,1,2.77,0.26,0.25,0.97,754.0,773.75,2,9,9
120.0,128.0,90.0,1,1.13,2.15,2.95,1.46,113.0,114.075,7,3,3
299.0,300.0,400.0,1,2.15,3.09,0.0,2.57,304.0,314.385,2,3,3
877.0,880.0,17.0,1,8.88,3.03,2.15,5.83,959.0,959.7,2,4,4
533.0,538.0,27.0,1,92.44,110.42,4.5,51.88,633.0,654.9,4,4,4
17.0,19.0,780.0,1,1.36,0.8,2.92,1.82,19.0,19.05,5,3,4
212.0,215.0,65.0,1,30.49,113.88,15.86,41.07,251.0,263.55,2,4,4
970.0,973.0,15.0,1,30.83,62.13,14.07,36.21,1180.0,1302.25,2,6,6
740.0,745.0,20.0,1,55.31,198.69,10.94,86.48,927.95,874.375,2,7,7
853.0,856.0,17.0,1,3.11,0.55,0.09,1.05,824.5,848.0999999999999,2,8,8
775.0,780.0,19.0,1,1.02,0.89,0.3,0.85,703.0,725.7750000000001,2,8,8
55.0,60.0,240.0,1,1.0,1.76,0.64,1.12,61.2,60.35,4,9,10
315.0,320.0,40.0,1,108.79,354.52,14.83,111.91,635.0,728.175,3,9,10
193.0,195.0,75.0,1,62.18,164.68,44.46,86.91,275.0,300.07500000000005,4,11,11
36.0,37.0,400.0,1,110.72,473.0,48.97,165.66,58.375,55.925,2,12,12
750.0,755.0,19.0,1,57.18,45.23,2.5,26.54,659.5,682.3,3,3,3
177.0,178.0,84.0,1,3.54,1.21,1.89,2.21,160.0,166.75,2,12,12
32.0,33.0,450.0,1,3.91,0.22,2.08,1.95,31.05,32.775,2,10,10
423.0,425.0,35.0,1,85.26,239.83,7.23,79.37,669.625,742.0,2,7,7
12.0,13.0,1000.0,1,1.9,0.63,0.47,0.93,12.3,12.3,2,7,7
274.0,275.0,200.0,1,10.61,15.51,0.0,12.96,303.0,303.78499999999997,2,7,7
552.0,554.0,27.0,1,3.34,0.93,2.32,2.31,495.125,476.4,2,9,10
165.0,166.0,90.0,1,77.43,351.46,70.94,150.98,350.5,370.975,2,9,9
305.0,306.0,49.0,1,5.74,0.69,4.31,3.94,275.0,275.82500000000005,2,9,9
345.0,350.0,40.0,1,89.76,192.81,12.67,73.3,712.5,651.2,2,9,9
338.0,340.0,44.0,1,113.54,449.14,41.15,149.3,730.975,584.8,2,9,9
116.0,120.0,125.0,1,21.99,1.54,23.71,9.51,130.05,136.55,8,9,10
135.0,145.0,103.0,1,89.71,678.88,35.63,157.41,215.575,172.475,2,9,10
1490.0,1500.0,10.0,1,6.4,0.51,0.24,2.06,1705.5,1820.0,2,11,11
59.0,60.0,250.0,1,86.64,354.11,68.15,156.65,113.925,136.7,2,12,12
286.0,288.0,50.0,1,176.85,620.86,29.33,198.02,500.5,594.875,2,12,12
10.0,10.0,10000.0,2,0.0,1.4,2.0,1.71,10.2,9.25,6,1,2
95.0,100.0,1200.0,2,0.0,2.45,0.91,1.68,108.0,113.4,2,12,12
55.0,55.0,2000.0,2,0.0,466.69,88.58,278.82,66.0,66.0,6,12,1
60.0,60.0,2000.0,2,0.0,0.67,3.87,2.27,48.0,49.7,4,1,1
20.0,20.0,6000.0,2,0.0,0.51,2.63,1.57,16.0,16.0,2,1,1
10.0,10.0,10000.0,2,0.0,1.89,7.73,4.81,10.35,10.81,6,1,1
36.0,36.0,3000.0,2,0.0,0.78,9.61,5.2,34.15,34.6,6,1,1
100.0,100.0,1200.0,2,0.0,1.16,2.52,1.84,100.0,97.15,2,1,1
36.0,36.0,3000.0,2,0.0,0.73,0.17,0.45,35.1,39.1,5,2,2
45.0,45.0,3000.0,2,0.0,155.32,40.6,97.96,50.75,48.35,5,2,2
150.0,150.0,1000.0,2,0.0,1.98,0.73,1.36,153.95,150.1,4,2,2
54.0,54.0,2000.0,2,0.0,0.17,1.29,0.73,53.35,50.7,2,3,3
57.0,57.0,2000.0,2,0.0,2.0,0.25,1.12,58.65,55.35,11,3,3
13.0,13.0,8000.0,2,0.0,1.22,1.0,1.11,15.25,15.23,4,3,3
65.0,65.0,2000.0,2,0.0,1.91,0.43,1.17,64.95,65.65,4,3,3
60.0,63.0,2000.0,2,0.0,1.06,2.77,1.91,64.0,61.95,2,3,3
15.0,15.0,8000.0,2,0.0,1.95,0.25,1.1,15.01,15.76,2,3,3
18.0,18.0,8000.0,2,0.0,0.81,1.83,1.32,18.5,18.0,2,3,3
100.0,100.0,1200.0,2,0.0,1.8,0.41,1.11,101.25,101.25,2,3,3
30.0,30.0,4000.0,2,0.0,1.15,1.44,1.3,31.9,33.45,4,3,3
35.0,35.0,4000.0,2,0.0,1.75,0.74,1.25,36.0,37.8,5,3,3
54.0,54.0,2000.0,2,0.0,2.51,2.56,2.64,53.4,56.05,5,4,5
51.0,51.0,2000.0,2,0.0,19.52,19.87,19.74,55.05,57.8,3,4,5
10.0,10.0,10000.0,2,0.0,2.17,1.89,2.13,10.0,10.0,5,4,4
30.0,30.0,4000.0,2,0.0,3.35,6.48,4.96,29.95,28.5,2,4,4
40.0,40.0,3000.0,2,0.0,1.71,9.24,5.49,40.0,38.0,6,4,5
45.0,45.0,3000.0,2,0.0,0.82,3.45,2.13,45.0,44.45,4,5,5
36.0,36.0,3000.0,2,0.0,1.89,3.76,2.83,27.0,25.65,6,5,5
71.0,72.0,1600.0,2,0.0,28.18,13.85,23.45,72.0,75.6,2,5,5
30.0,30.0,4000.0,2,0.0,1.88,1.52,1.7,30.5,31.0,2,5,5
35.0,35.0,4000.0,2,0.0,1.9,0.74,1.32,35.0,35.35,6,5,5
30.0,30.0,4000.0,2,0.0,0.69,3.71,2.2,29.95,29.25,5,5,5
30.0,30.0,4000.0,2,0.0,0.82,1.5,1.16,37.5,35.85,10,5,6
161.0,161.0,800.0,2,0.0,0.85,2.84,1.85,158.0,153.15,4,5,6
95.0,95.0,1200.0,2,0.0,2.02,0.23,1.13,100.0,100.15,4,6,6
80.0,80.0,1600.0,2,0.0,1.06,1.13,1.1,80.0,82.0,7,7,7
72.0,72.0,1600.0,2,0.0,1.41,0.78,1.1,72.1,72.4,5,7,7
375.0,375.0,300.0,2,0.0,1.87,0.42,1.14,377.1,376.5,3,7,7
40.0,40.0,3000.0,2,0.0,2.3,0.48,1.39,41.9,40.9,5,8,8
10.0,10.0,10000.0,2,0.0,1.86,2.17,2.02,9.75,9.71,5,8,8
26.0,26.0,4000.0,2,0.0,1.64,0.98,1.31,28.2,28.7,9,8,8
70.0,70.0,2000.0,2,0.0,1.0,0.36,1.13,76.0,81.9,7,9,9
25.0,25.0,6000.0,2,0.0,77.48,62.03,69.75,27.5,28.85,5,9,9
181.0,188.0,600.0,2,1.56,1.59,0.37,1.08,190.2,183.65,4,9,9
24.0,24.0,6000.0,2,0.0,1.88,1.17,1.52,24.6,25.8,6,9,9
36.0,40.0,3000.0,2,0.0,1.01,1.58,1.3,43.0,45.15,2,9,9
60.0,60.0,2000.0,2,0.0,2.37,1.25,1.81,61.0,61.25,6,9,10
26.0,26.0,4000.0,2,0.0,1.82,0.68,1.25,27.5,27.05,4,9,10
40.0,40.0,3000.0,2,0.0,2.27,3.64,2.95,41.8,43.85,6,9,10
23.0,23.0,6000.0,2,0.0,2.36,0.85,1.61,36.0,37.8,11,9,10
51.0,51.0,2000.0,2,0.0,1.62,0.75,1.19,53.0,51.25,14,9,10
11.0,11.0,10000.0,2,0.0,2.14,0.99,1.56,11.05,11.55,7,9,10
30.0,30.0,4000.0,2,0.0,1.97,0.23,1.1,30.6,28.6,7,10,10
35.0,35.0,4000.0,2,0.0,2.16,0.48,1.32,37.0,36.3,14,10,10
20.0,20.0,6000.0,2,0.0,0.48,1.76,1.12,20.05,20.5,3,11,11
13.0,13.0,10000.0,2,0.0,1.33,4.49,2.93,12.35,12.35,7,11,11
30.0,30.0,4000.0,2,0.0,1.99,0.07,1.07,36.2,35.9,2,11,11
45.0,45.0,3000.0,2,0.0,1.83,0.78,1.3,46.15,46.8,2,12,12
60.0,60.0,2000.0,2,0.0,2.4,1.55,1.98,61.0,62.1,6,12,1
80.0,80.0,1600.0,2,0.0,12.42,10.24,11.5,80.8,81.3,3,1,1
71.0,73.0,1600.0,2,0.0,1.82,0.96,1.39,77.4,73.55,2,1,1
37.0,37.0,3000.0,2,0.0,1.26,1.31,1.29,35.25,36.95,6,2,2
33.0,33.0,4000.0,2,0.0,1.56,1.56,1.56,33.6,35.9,2,2,2
10.0,10.0,10000.0,2,0.0,1.02,1.32,1.17,12.0,11.4,3,2,2
34.0,34.0,4000.0,2,0.0,2.35,1.64,2.0,33.95,34.6,6,3,3
10.0,10.0,10000.0,2,0.0,2.74,0.76,1.75,9.0,8.55,3,2,2
32.0,32.0,4000.0,2,0.0,1.53,1.54,1.54,32.0,33.6,3,2,3
51.0,51.0,2000.0,2,0.0,2.07,0.25,1.16,50.0,51.0,5,3,3
132.0,132.0,1000.0,2,0.0,1.9,0.91,1.42,132.0,132.0,4,3,3
43.0,43.0,3000.0,2,0.0,1.83,0.78,1.3,43.7,43.1,5,3,3
59.0,59.0,2000.0,2,0.0,1.34,1.08,1.21,59.0,56.1,6,4,4
61.0,61.0,2000.0,2,0.0,1.5,1.56,1.53,62.0,60.0,6,4,4
59.0,65.0,2000.0,2,0.0,1.91,0.59,1.25,62.0,61.5,13,5,5
32.0,32.0,4000.0,2,0.0,1.57,1.56,1.56,34.2,35.0,3,4,4
54.0,60.0,2000.0,2,0.0,1.67,0.45,1.06,70.0,69.85,12,4,5
63.0,63.0,2000.0,2,0.0,2.02,0.7,1.36,64.2,64.3,6,4,5
52.0,52.0,2000.0,2,0.0,2.63,0.56,1.59,52.2,54.8,3,4,5
81.0,83.0,1600.0,2,0.0,2.27,0.37,1.32,85.4,86.25,4,9,10
73.0,75.0,1600.0,2,0.0,1.32,1.47,1.39,68.5,71.35,5,5,6
225.0,225.0,500.0,2,0.0,1.99,0.33,1.16,222.5,221.9,5,6,6
27.0,27.0,4000.0,2,0.0,1.86,0.48,1.17,28.25,27.2,6,6,6
45.0,45.0,3000.0,2,0.0,1.65,0.74,1.2,45.85,46.0,2,6,6
36.0,36.0,3000.0,2,0.0,1.72,1.48,1.6,36.0,36.05,5,6,6
22.0,22.0,6000.0,2,0.0,1.94,0.78,1.36,22.0,23.1,2,6,6
20.0,20.0,6000.0,2,0.0,1.97,0.54,1.26,19.2,20.0,7,6,7
30.0,30.0,4000.0,2,0.0,2.67,3.33,3.0,28.5,29.65,6,6,7
84.0,84.0,1600.0,2,0.0,1.96,0.53,1.18,83.0,84.35,2,8,8
130.0,130.0,1000.0,2,0.0,0.9,1.37,1.13,132.5,131.0,2,8,8
24.0,24.0,6000.0,2,0.0,1.8,0.67,1.24,24.0,24.15,5,8,9
27.0,27.0,4000.0,2,0.0,2.52,0.72,1.62,27.85,29.2,2,9,9
23.0,23.0,6000.0,2,0.0,1.76,0.56,1.16,23.2,23.05,3,9,9
51.0,52.0,2000.0,2,0.0,1.87,0.87,1.37,55.0,56.6,4,9,10
13.0,13.0,10000.0,2,0.0,3.82,7.05,5.44,13.25,13.91,5,11,11
46.0,46.0,3000.0,2,0.0,2.53,0.58,1.56,46.45,46.95,4,12,12
22.0,22.0,6000.0,2,0.0,1.91,0.78,1.34,22.0,22.0,3,12,1
50.0,50.0,3000.0,2,0.0,1.03,1.48,1.26,50.7,48.5,3,1,1
10.0,10.0,10000.0,2,0.0,1.09,2.87,1.98,11.1,11.65,2,1,1
51.0,51.0,2000.0,2,0.0,1.87,1.44,1.65,51.7,51.75,6,1,2
20.0,20.0,6000.0,2,0.0,3.56,2.59,3.08,20.8,21.8,7,1,2
18.0,18.0,8000.0,2,0.0,2.21,0.47,1.34,18.0,18.0,2,3,3
36.0,36.0,3000.0,2,0.0,1.95,0.43,1.19,36.0,36.0,5,3,3
185.0,185.0,600.0,2,0.0,1.67,0.63,1.15,189.0,189.0,9,3,4
51.0,51.0,2000.0,2,0.0,2.36,0.69,1.53,51.0,53.1,2,3,3
20.0,20.0,6000.0,2,0.0,1.95,1.71,1.83,20.6,20.8,5,3,3
37.0,37.0,3000.0,2,0.0,2.15,0.58,1.37,36.9,37.1,4,6,6
28.0,28.0,4000.0,2,0.0,2.51,0.21,1.36,21.0,21.5,3,6,7
15.0,15.0,8000.0,2,0.0,2.35,0.28,1.31,15.45,16.22,2,8,8
105.0,105.0,1200.0,2,0.0,0.29,2.8,1.55,105.0,99.75,2,8,8
51.0,51.0,2000.0,2,0.0,1.53,2.32,1.92,51.95,51.55,3,9,9
135.0,135.0,1000.0,2,0.0,1.12,1.35,1.24,134.0,127.3,5,9,9
40.0,40.0,3000.0,2,0.0,2.48,3.35,2.91,40.0,39.05,7,9,9
159.0,159.0,800.0,2,0.0,2.13,1.07,1.6,160.0,167.5,6,9,10
28.0,28.0,4000.0,2,0.0,1.84,1.18,1.51,31.0,29.5,9,9,10
40.0,40.0,3000.0,2,0.0,1.83,1.63,1.73,40.5,39.55,4,10,10
30.0,30.0,4000.0,2,0.0,1.67,1.87,1.77,30.15,30.05,5,11,11
402.0,430.0,300.0,3,1.0,0.91,2.61,1.53,403.0,403.0,2,9,9
48.0,50.0,3000.0,3,1.05,1.47,2.06,1.56,145.0,145.45,2,12,12
38.0,40.0,3000.0,3,0.0,75.12,34.89,55.38,48.0,40.2,4,7,8
71.0,72.0,1600.0,3,0.0,1.87,1.91,1.89,71.9,70.35,3,8,8
41.0,45.0,3000.0,3,3.22,65.12,39.01,37.41,53.0,54.0,2,8,8
40.0,43.0,3000.0,3,0.0,1.77,3.25,2.62,51.6,51.6,4,9,9
55.0,57.0,2000.0,3,0.0,378.67,140.84,260.63,68.4,68.4,2,11,11
45.0,45.0,3000.0,3,0.0,12.19,11.37,11.78,54.0,54.0,4,12,1
120.0,120.0,1200.0,3,0.0,24.16,12.36,18.28,144.0,144.0,5,1,1
150.0,150.0,1000.0,3,0.0,6.9,22.7,15.01,149.9,133.35,2,1,1
27.0,31.0,4000.0,3,0.0,2.94,6.68,4.81,28.95,32.55,2,1,1
52.0,52.0,2000.0,3,0.0,15.4,24.91,20.21,43.5,51.2,3,1,1
30.0,30.0,4000.0,3,0.0,175.44,259.96,218.0,36.0,36.0,5,1,1
65.0,65.0,2000.0,3,0.0,3.97,10.88,7.44,70.5,66.55,4,1,2
63.0,65.0,2000.0,3,5.8,203.72,16.41,38.92,78.0,78.0,2,2,2
76.0,78.0,1600.0,3,18.04,144.16,11.7,29.42,93.6,88.3,2,2,2
186.0,188.0,600.0,3,0.0,0.41,0.66,0.78,190.0,199.5,7,3,4
115.0,115.0,1200.0,3,0.0,1.62,0.44,1.09,114.0,115.0,11,2,2
61.0,61.0,2000.0,3,0.0,2.18,3.62,2.9,60.95,62.5,5,2,2
83.0,85.0,1600.0,3,0.0,1.13,1.83,1.64,83.0,70.55,2,3,3
55.0,55.0,2000.0,3,0.0,1.46,3.04,2.31,56.0,55.75,2,3,3
126.0,140.0,1000.0,3,0.0,1.92,5.07,3.8,149.0,162.05,2,3,3
55.0,55.0,2000.0,3,0.0,2.64,2.88,2.76,49.0,49.05,2,3,3
57.0,57.0,2000.0,3,0.0,2.03,0.8,1.54,57.75,57.85,3,3,3
100.0,100.0,1200.0,3,0.0,1.37,0.98,1.2,101.25,102.25,4,3,3
92.0,92.0,1200.0,3,0.0,1.07,1.31,1.19,92.5,92.55,2,3,3
100.0,100.0,1200.0,3,0.0,0.96,1.36,1.16,101.0,100.1,2,3,3
21.0,21.0,6000.0,3,0.0,2.37,0.58,1.47,21.0,21.0,2,3,3
26.0,26.0,4000.0,3,0.0,0.56,2.36,1.46,26.0,25.75,2,3,3
105.0,107.0,1200.0,3,0.0,2.28,1.08,1.92,113.0,118.55,6,3,4
37.0,37.0,3000.0,3,0.0,1.02,0.16,0.59,37.0,37.0,4,3,3
37.0,40.0,3000.0,3,0.0,14.43,6.82,11.19,42.95,43.1,8,3,4
25.0,25.0,6000.0,3,0.0,2.13,3.53,2.86,25.1,25.2,7,3,4
40.0,40.0,3000.0,3,0.0,3.29,3.7,3.49,44.85,44.3,7,3,4
32.0,32.0,4000.0,3,0.0,0.93,1.48,1.21,31.95,31.9,14,3,4
24.0,25.0,6000.0,3,0.0,22.42,9.88,27.85,35.0,36.75,2,4,4
33.0,33.0,4000.0,3,0.0,8.61,11.9,10.26,35.0,34.9,2,4,4
60.0,60.0,2000.0,3,0.0,4.56,14.45,9.67,60.0,63.0,5,4,4
56.0,56.0,2000.0,3,0.0,1.59,1.38,1.48,55.75,57.0,2,4,4
30.0,33.0,4000.0,3,0.0,1.1,1.69,1.39,31.0,31.0,6,4,5
78.0,80.0,1600.0,3,0.0,31.21,28.94,30.82,72.5,72.0,6,4,5
140.0,140.0,1000.0,3,0.0,1.04,0.07,0.55,140.9,145.5,2,5,5
57.0,57.0,2000.0,3,0.0,130.82,13.39,73.81,85.0,89.0,4,5,5
151.0,160.0,800.0,3,0.0,9.69,6.44,8.32,162.0,164.8,6,5,5
18.0,18.0,8000.0,3,0.0,1.49,1.39,1.44,18.0,17.85,3,5,5
66.0,66.0,2000.0,3,0.0,1.19,3.74,2.47,68.0,66.2,5,5,5
45.0,45.0,3000.0,3,0.0,2.45,0.88,1.67,48.0,48.5,2,5,5
20.0,20.0,6000.0,3,0.0,1.07,1.88,1.47,20.95,20.35,4,5,5
25.0,26.0,4000.0,3,0.0,2.6,5.69,4.17,27.85,27.0,5,6,6
36.0,36.0,3000.0,3,0.0,1.04,3.8,2.42,37.0,36.95,5,6,6
81.0,84.0,1600.0,3,0.56,1.42,4.79,1.5,88.0,86.1,3,6,6
75.0,75.0,1600.0,3,0.0,7.41,8.1,7.76,81.0,81.25,2,6,6
27.0,32.0,4000.0,3,0.0,1.4,1.0,1.2,27.1,27.55,5,8,8
60.0,60.0,2000.0,3,0.0,5.71,6.73,6.24,64.2,67.4,2,7,7
41.0,41.0,3000.0,3,0.0,1.81,0.52,1.17,41.25,41.7,6,6,7
36.0,36.0,3000.0,3,0.0,2.21,1.49,1.85,37.75,37.25,3,6,6
180.0,180.0,800.0,3,0.0,1.82,0.6,1.21,181.35,181.5,4,6,7
21.0,21.0,6000.0,3,0.0,0.84,2.8,1.78,21.1,21.2,4,6,7
66.0,66.0,2000.0,3,0.0,1.91,0.97,1.36,66.65,66.65,4,7,7
51.0,51.0,2000.0,3,0.0,1.52,1.09,1.3,48.0,45.6,8,8,8
51.0,51.0,2000.0,3,0.0,2.24,0.4,1.38,52.0,51.65,6,7,7
69.0,69.0,2000.0,3,0.0,1.77,0.84,1.3,69.3,69.4,2,8,8
74.0,74.0,1600.0,3,0.0,104.01,23.85,63.98,89.9,94.35,4,8,8
38.0,38.0,3000.0,3,0.0,3.26,2.65,2.99,36.1,38.7,4,8,8
41.0,41.0,3000.0,3,0.0,3.86,5.65,4.97,41.0,38.95,3,9,9
43.0,45.0,3000.0,3,0.0,10.6,1.7,6.41,47.0,47.95,2,8,8
42.0,42.0,3000.0,3,0.0,2.92,1.2,2.25,37.45,39.3,2,8,8
147.0,150.0,1000.0,3,1.44,2.64,3.19,2.35,141.0,136.0,7,9,9
119.0,121.0,1000.0,3,3.61,13.43,2.92,5.36,111.05,116.6,2,9,9
31.0,31.0,4000.0,3,0.0,1.99,0.37,1.18,32.25,32.0,4,9,9
65.0,65.0,2000.0,3,0.0,1.99,0.56,1.27,64.5,65.5,4,9,9
35.0,35.0,4000.0,3,0.0,1.88,1.02,1.45,34.5,35.95,6,9,9
30.0,30.0,4000.0,3,0.0,2.53,1.65,2.09,30.0,28.5,6,2,2
26.0,26.0,4000.0,3,0.0,2.38,0.38,1.38,35.0,33.25,3,9,9
60.0,63.0,2000.0,3,0.0,2.08,2.62,2.45,64.0,64.9,2,9,9
64.0,66.0,2000.0,3,0.0,2.04,0.43,1.23,66.6,66.6,5,9,10
36.0,36.0,3000.0,3,0.0,1.96,0.5,1.23,36.45,36.1,6,9,10
32.0,32.0,4000.0,3,0.0,3.45,0.52,1.99,34.1,33.7,5,9,10
40.0,40.0,3000.0,3,0.0,1.97,1.24,1.61,40.5,42.4,5,9,10
36.0,36.0,3000.0,3,0.0,1.88,0.28,1.09,37.8,39.5,7,9,10
90.0,90.0,1600.0,3,0.0,2.01,0.27,1.14,92.0,90.0,2,10,10
35.0,35.0,4000.0,3,0.0,2.11,1.76,1.94,33.1,33.2,5,10,10
26.0,26.0,4000.0,3,0.0,3.03,5.41,4.22,27.1,27.2,5,11,11
75.0,75.0,1600.0,3,0.0,2.03,0.26,1.14,75.15,75.15,3,11,11
51.0,52.0,2000.0,3,0.0,1.7,1.23,1.55,53.1,53.25,4,1,1
34.0,36.0,3000.0,3,0.0,1.31,1.78,1.54,40.0,41.65,2,3,3
36.0,36.0,3000.0,3,0.0,1.34,1.48,1.34,36.5,36.1,13,3,4
252.0,252.0,400.0,3,0.0,1.66,0.57,1.12,255.0,267.6,2,3,3
51.0,51.0,2000.0,3,0.0,3.48,7.97,5.74,52.9,50.45,5,5,5
29.0,29.0,4000.0,3,0.0,1.2,0.74,0.97,29.0,29.15,5,6,7
89.0,89.0,1600.0,3,0.0,2.19,0.33,1.26,93.0,89.05,7,7,7
44.0,44.0,3000.0,3,0.0,2.26,0.43,1.34,44.25,44.15,4,9,9
36.0,36.0,3000.0,3,0.0,2.1,0.2,1.15,36.0,36.0,6,8,9
10.0,10.0,10000.0,3,0.0,1.74,0.69,1.21,11.15,11.4,4,9,10
51.0,51.0,2000.0,3,0.0,2.09,0.47,1.28,53.0,51.5,5,11,11
30.0,30.0,4000.0,3,0.0,1.92,1.03,1.47,30.25,30.25,2,11,11
45.0,45.0,3000.0,3,0.0,1.39,1.76,1.56,45.5,45.2,6,12,12
24.0,24.0,6000.0,3,0.0,1.75,3.97,2.86,24.1,24.8,7,12,1
40.0,40.0,3000.0,3,0.0,2.96,1.37,2.16,40.7,41.3,2,1,1
100.0,102.0,1200.0,3,0.0,1.72,1.77,1.74,102.0,99.75,3,1,1
15.0,15.0,8000.0,3,0.0,2.22,0.2,1.21,15.0,15.0,14,3,4
100.0,100.0,1200.0,3,0.0,2.22,0.62,1.42,101.95,106.9,3,6,6
45.0,45.0,3000.0,3,0.0,1.09,2.09,1.59,46.0,45.1,10,9,10
42.0,42.0,3000.0,3,0.0,2.47,2.31,2.39,44.5,43.6,5,9,10
72.0,72.0,1600.0,3,0.0,1.99,0.4,1.2,70.2,66.7,7,9,10
95.0,95.0,1200.0,3,0.0,1.44,1.76,1.6,95.0,95.8,4,10,10
860.0,1032.0,6.0,4,49.12,150.35,24.14,54.13,1387.0,1297.05,2,2,2
29.0,33.0,200.0,4,0.23,12.15,16.63,7.76,42.0,27.2,5,6,6
45.0,50.0,120.0,4,0.0,5.45,1.76,1.43,49.0,50.0,2,1,1
75.0,80.0,80.0,4,93.86,272.88,19.45,86.33,135.0,108.55,2,3,3
137.0,145.0,40.0,4,21.97,21.6,13.51,18.95,140.0,159.35,3,3,3
126.0,133.0,50.0,4,1.86,48.41,13.51,12.92,159.4,163.05,2,7,7
41.0,43.0,150.0,4,1.78,23.18,12.59,8.77,53.95,36.65,3,9,9
90.0,100.0,65.0,4,1.66,40.94,7.45,9.58,120.0,106.0,2,9,9
228.0,235.0,22.0,4,1.31,2.03,1.6,1.5,224.4,205.85,8,11,12
64.0,70.0,95.0,4,0.35,4.68,9.01,4.03,73.0,58.05,2,1,1
60.0,72.0,90.0,4,0.0,0.22,4.38,1.57,80.0,140.9,2,2,2
36.0,40.0,160.0,4,0.0,1.11,3.41,1.36,43.95,28.5,3,5,6
10.0,11.0,500.0,4,1.04,0.17,1.82,1.18,10.1,25.35,3,6,6
90.0,108.0,60.0,4,0.03,1.37,4.18,1.68,115.0,66.45,2,6,6
72.0,79.0,80.0,4,0.0,0.75,3.96,1.5,85.0,26.5,2,9,9
30.0,32.0,200.0,4,0.0,3.44,1.36,0.99,29.95,28.5,4,3,3
1229.0,1230.0,12.0,4,73.18,111.85,5.54,46.99,1518.0,1401.6,2,9,9
805.0,806.0,18.0,5,48.64,159.03,6.48,51.22,1085.0,1069.2,2,1,1
145.0,149.0,100.0,5,148.71,563.03,23.83,170.16,250.0,261.6,2,6,6
